-- MySQL dump 10.13  Distrib 5.6.17, for Win64 (x86_64)
--
-- Host: localhost    Database: yynews
-- ------------------------------------------------------
-- Server version	5.6.17

/*!40101 SET @OLD_CHARACTER_SET_CLIENT=@@CHARACTER_SET_CLIENT */;
/*!40101 SET @OLD_CHARACTER_SET_RESULTS=@@CHARACTER_SET_RESULTS */;
/*!40101 SET @OLD_COLLATION_CONNECTION=@@COLLATION_CONNECTION */;
/*!40101 SET NAMES utf8 */;
/*!40103 SET @OLD_TIME_ZONE=@@TIME_ZONE */;
/*!40103 SET TIME_ZONE='+00:00' */;
/*!40014 SET @OLD_UNIQUE_CHECKS=@@UNIQUE_CHECKS, UNIQUE_CHECKS=0 */;
/*!40014 SET @OLD_FOREIGN_KEY_CHECKS=@@FOREIGN_KEY_CHECKS, FOREIGN_KEY_CHECKS=0 */;
/*!40101 SET @OLD_SQL_MODE=@@SQL_MODE, SQL_MODE='NO_AUTO_VALUE_ON_ZERO' */;
/*!40111 SET @OLD_SQL_NOTES=@@SQL_NOTES, SQL_NOTES=0 */;

--
-- Table structure for table `t_category`
--

DROP TABLE IF EXISTS `t_category`;
/*!40101 SET @saved_cs_client     = @@character_set_client */;
/*!40101 SET character_set_client = utf8 */;
CREATE TABLE `t_category` (
  `catID` int(4) NOT NULL AUTO_INCREMENT,
  `catname` char(30) NOT NULL,
  `cattime` datetime NOT NULL,
  PRIMARY KEY (`catID`)
) ENGINE=InnoDB AUTO_INCREMENT=30 DEFAULT CHARSET=utf8;
/*!40101 SET character_set_client = @saved_cs_client */;

--
-- Dumping data for table `t_category`
--

LOCK TABLES `t_category` WRITE;
/*!40000 ALTER TABLE `t_category` DISABLE KEYS */;
INSERT INTO `t_category` VALUES (24,'校园新闻','2018-06-11 19:19:32'),(25,'体育新闻','2018-06-11 19:19:40'),(26,'国际新闻','2018-06-11 19:19:50'),(28,'军事新闻','2018-06-15 14:55:51');
/*!40000 ALTER TABLE `t_category` ENABLE KEYS */;
UNLOCK TABLES;

--
-- Table structure for table `t_comment`
--

DROP TABLE IF EXISTS `t_comment`;
/*!40101 SET @saved_cs_client     = @@character_set_client */;
/*!40101 SET character_set_client = utf8 */;
CREATE TABLE `t_comment` (
  `commID` int(4) NOT NULL AUTO_INCREMENT,
  `userID` int(4) NOT NULL,
  `newsID` int(4) NOT NULL,
  `commtime` date NOT NULL,
  `content` char(200) NOT NULL,
  PRIMARY KEY (`commID`)
) ENGINE=InnoDB AUTO_INCREMENT=11 DEFAULT CHARSET=utf8;
/*!40101 SET character_set_client = @saved_cs_client */;

--
-- Dumping data for table `t_comment`
--

LOCK TABLES `t_comment` WRITE;
/*!40000 ALTER TABLE `t_comment` DISABLE KEYS */;
INSERT INTO `t_comment` VALUES (10,1,42,'2018-06-15','向邹勇松学长学习！');
/*!40000 ALTER TABLE `t_comment` ENABLE KEYS */;
UNLOCK TABLES;

--
-- Table structure for table `t_friend`
--

DROP TABLE IF EXISTS `t_friend`;
/*!40101 SET @saved_cs_client     = @@character_set_client */;
/*!40101 SET character_set_client = utf8 */;
CREATE TABLE `t_friend` (
  `friendID` int(4) NOT NULL AUTO_INCREMENT,
  `webname` char(30) NOT NULL,
  `website` char(30) NOT NULL,
  `friendtime` datetime NOT NULL,
  PRIMARY KEY (`friendID`)
) ENGINE=InnoDB AUTO_INCREMENT=10 DEFAULT CHARSET=utf8;
/*!40101 SET character_set_client = @saved_cs_client */;

--
-- Dumping data for table `t_friend`
--

LOCK TABLES `t_friend` WRITE;
/*!40000 ALTER TABLE `t_friend` DISABLE KEYS */;
INSERT INTO `t_friend` VALUES (4,'国家教育部','http://www.moe.edu.cn','2018-06-11 21:37:49'),(5,'湖南教育网','http://www.hnedu.cn/index.shtm','2018-06-11 21:38:35'),(6,'长沙理工大学官网','http://www.csust.edu.cn/','2018-06-11 21:39:18'),(7,'长理微博','https://weibo.com/u/2758287263','2018-06-11 21:40:01');
/*!40000 ALTER TABLE `t_friend` ENABLE KEYS */;
UNLOCK TABLES;

--
-- Table structure for table `t_news`
--

DROP TABLE IF EXISTS `t_news`;
/*!40101 SET @saved_cs_client     = @@character_set_client */;
/*!40101 SET character_set_client = utf8 */;
CREATE TABLE `t_news` (
  `newsID` int(4) NOT NULL AUTO_INCREMENT,
  `catID` int(4) NOT NULL,
  `title` char(50) NOT NULL,
  `content` text NOT NULL,
  `newstime` date NOT NULL,
  `operator` int(4) NOT NULL,
  PRIMARY KEY (`newsID`)
) ENGINE=InnoDB AUTO_INCREMENT=43 DEFAULT CHARSET=utf8;
/*!40101 SET character_set_client = @saved_cs_client */;

--
-- Dumping data for table `t_news`
--

LOCK TABLES `t_news` WRITE;
/*!40000 ALTER TABLE `t_news` DISABLE KEYS */;
INSERT INTO `t_news` VALUES (14,24,'校领导带头参加校园义务劳动 加强爱国卫生工作','&nbsp;6月8日下午，炎炎夏日，校园里一片繁忙景象。校党委书记付宏渊，党委副书记邹宏如，校党委委员付嫦娥等校领导积极带头，学校机关和教辅单位的党员老师们热情高涨，争先恐后，纷纷拿起工具投入义务劳动。<br />&nbsp&nbsp&nbsp&nbsp&nbsp&nbsp;<br />&nbsp&nbsp&nbsp&nbsp&nbsp&nbsp;付宏渊率先垂范，他蹲下身子，用钳子将绿化带深处的垃圾一一夹了出来。党员同志们分工协作，有的清扫落叶、有的清除垃圾……他们不怕脏、不怕累，汗水浸透了他们的衣襟，整个现场处处都是忙碌的身影。“这个活动是响应党组织的号召，是我们党员应尽的义务。”付宏渊如是道。<br />&nbsp&nbsp&nbsp&nbsp&nbsp&nbsp;为创造良好的校园环境，提高师生文明素质，学校决定定期组织师生开展校园义务劳动，并将每月（寒暑期除外）第1周（遇节假日或其他特殊情况则顺延1周）周二（学院，包括学生）、周五（学校机关、教辅单位）下午4:00—5:30定为劳动时间。<br />&nbsp&nbsp&nbsp&nbsp&nbsp&nbsp;<br />&nbsp&nbsp&nbsp&nbsp&nbsp&nbsp;6月8日，学校机关和教辅单位共200多人参加了第一次校园义务劳动。不论是一办公楼、大会堂周边还是南大门广场及周边，不论是图书馆北侧、综合楼、年轮广场还是公路工程实验大楼周边、模型广场，又或者是图书馆、云影湖、体育馆、田径场周边，学校里随处都能看到劳动的身影。经过一个多小时的奋战，大家完成了既定任务。<br />&nbsp&nbsp&nbsp&nbsp&nbsp&nbsp;<br />&nbsp&nbsp&nbsp&nbsp&nbsp&nbsp;付嫦娥表示，该活动的开展对进一步加强爱国卫生工作，强化师生劳动光荣、维护校园环境人人有责的意识，让师生走出办公室和教室增强体质等都大有好处。','2018-06-13',1),(16,25,'C罗需在世界杯上证明自己 22战世界冠军队只进1球','C罗就是一台不断进球、赢球以及创造纪录的机器，比如在国家队层面，他已接近了普斯卡什在黑白电视机时代创造的84个国家队进球的纪录。C罗在国家队已打入了81球，超越了比利亚、克洛泽、贝利、博格巴、罗比-基恩等球星。<br />&nbsp&nbsp&nbsp&nbsp&nbsp&nbsp;<br />&nbsp&nbsp&nbsp&nbsp&nbsp&nbsp;&nbsp;&nbsp;不过仍然还有一道墙在阻挡着这位葡萄牙国家队的队长。这个凶残的射手面对8个前世界杯冠军中的7个，都未能进球。他到目前为止还没有与乌拉圭相遇过，不过本届世界杯很可能会相遇。<br />&nbsp&nbsp&nbsp&nbsp&nbsp&nbsp;<br />&nbsp&nbsp&nbsp&nbsp&nbsp&nbsp;&nbsp;&nbsp;[世界杯投注没信心？看AI智能预测！]&nbsp;[全赛事预测包！]<br />&nbsp&nbsp&nbsp&nbsp&nbsp&nbsp;<br />&nbsp&nbsp&nbsp&nbsp&nbsp&nbsp;&nbsp;&nbsp;C罗与夺得过世界杯的球队对阵过22次，结果只取得了1个进球。这个进球来自2011年2月9日，对手是阿根廷队。那场比赛，迪马利亚先取得进球，C罗扳平比分，但梅西最后一刻取得进球，帮助阿根廷获得2比1的胜利。<br />&nbsp&nbsp&nbsp&nbsp&nbsp&nbsp;<br />&nbsp&nbsp&nbsp&nbsp&nbsp&nbsp;&nbsp;&nbsp;除了这场比赛外，他还曾与阿根廷对阵过1次，但没有进球。此外他与西班牙、德国、法国都对阵过4次，均无进球。与英格兰、巴西对阵3次，与意大利对阵2次，也无进球。<br />&nbsp&nbsp&nbsp&nbsp&nbsp&nbsp;&nbsp;本届世界杯，C罗将第5次与西班牙对阵，之前的4场比赛是2胜2负。他第一次与西班牙对阵是在葡萄牙举行的欧洲杯上（2004年），努诺-戈麦斯的进球帮助葡萄牙1比0获胜，19岁的C罗成为西班牙队后卫劳尔-布拉沃的噩梦。<br />&nbsp&nbsp&nbsp&nbsp&nbsp&nbsp;<br />&nbsp&nbsp&nbsp&nbsp&nbsp&nbsp;&nbsp;&nbsp;6年之后，双方在南非世界杯上相遇，比利亚的进球帮助西班牙1比0获胜。同一年，葡萄牙在友谊赛中实现了对西班牙的复仇，他们4比0获胜，C罗曾攻破西班牙大门，但因为裁判误判，进球被取消。<br />&nbsp&nbsp&nbsp&nbsp&nbsp&nbsp;<br />&nbsp&nbsp&nbsp&nbsp&nbsp&nbsp;&nbsp;&nbsp;又过了两年，双方在欧洲杯上再次相遇，C罗错失机会，西班牙点球获胜，C罗在比赛中曾大喊“太不公平，太不公平！”<br />&nbsp&nbsp&nbsp&nbsp&nbsp&nbsp;<br />&nbsp&nbsp&nbsp&nbsp&nbsp&nbsp;&nbsp;&nbsp;瑞典是被C罗攻破球门次数最多的球队，但面对前世界冠军们，C罗的感觉却不太好。当然，在国家队C罗的整体表现是很出色的，156场比赛，他有56场取得进球，而他进球的比赛中，葡萄牙获胜47场。他进球的比赛，葡萄牙只输了5场。<br />&nbsp&nbsp&nbsp&nbsp&nbsp&nbsp;<br />&nbsp&nbsp&nbsp&nbsp&nbsp&nbsp;&nbsp;&nbsp;在世界杯上，C罗还需要努力，他只打入过3个进球，2006年对伊朗1球，2010年对朝鲜1球，2014年对加纳1球。（塞尔吉奥）','2018-06-13',1),(17,25,'巴西3:0胜奥地利，保利尼奥给我们留下震撼一幕！暴力鸟名不虚传','近日，巴西国家队打完了世界杯前的最后一场热身赛。对手是比赛作风粗野、凶悍的奥地利队。上半场曼城前锋热苏斯为巴西国家队首开纪录，下半场内马尔以及库蒂尼奥又各进一球，最终，巴西队3:0大胜奥地利队。<br />&nbsp&nbsp&nbsp&nbsp&nbsp&nbsp;<br />&nbsp&nbsp&nbsp&nbsp&nbsp&nbsp;从比分上看，巴西队三球大胜对手，似乎赢得很轻松。但是，从比赛场面看，却是异常地凶险、火爆，甚至剑拔弩张，充满了火药味。连巴西队第一球星内马尔在赛后谈到这场比赛的时候，都心有余悸，连连感叹：“今天的比赛像是UFC（终极格斗冠军赛），还好我们赛前做好了准备。很庆幸没有人受伤。”本场比赛，内马尔首发踢了83分钟，一共受到了8次侵犯。好在没有受伤。<br />&nbsp&nbsp&nbsp&nbsp&nbsp&nbsp;<br />&nbsp&nbsp&nbsp&nbsp&nbsp&nbsp;和内马尔一样，他的国家队队友、前恒大外援保利尼奥也深深感到了这场比赛的惨烈。不过，和内马尔所不同的是，保利尼奥却在这场惨烈的比赛中扮演了另一种角色。他不是受侵犯的对象，而是化身为一个为队友两肋插刀、主持公道的“带头大哥”。<br />&nbsp&nbsp&nbsp&nbsp&nbsp&nbsp;<br />&nbsp&nbsp&nbsp&nbsp&nbsp&nbsp;当比赛进行到下半场第52分钟的时候，比赛画面记录下了保利尼奥冲冠一怒为队友的一个震撼场面：当时，保利尼奥前插发动攻势，将球传给攻击线上的威廉，后者带球杀到禁区，却被奥地利两名防守球员死死缠住。纠缠、拼抢之际，威廉与奥地利后卫普勒德尔双双倒地。这个时候，奥地利另一名防守球员德拉戈维奇却不顾威廉倒地，依旧猛踢皮球，动作异常的野蛮。保利尼奥刚好就在附近，德拉戈维奇这野蛮粗野的一幕让他看得真真切切。保利尼奥当时就怒不可遏地冲了过去和对方理论，一手指着自己的头，一手又愤怒地扬起来，当时保利尼奥咆哮、愤怒的表情让人望而生畏。那一刻，他真的仿佛一只暴力鸟一样，充满了战斗力。<br />&nbsp&nbsp&nbsp&nbsp&nbsp&nbsp;<br />&nbsp&nbsp&nbsp&nbsp&nbsp&nbsp;作为一个团队，当身边的队友受到侵犯和欺凌的时候，最需要的就是像保利尼奥这样敢于冲上去理论的“带头大哥”似的人物。尽管从能力或是资历上讲，保利尼奥都算不上是巴西队的“带头大哥”，但他这种“路见不平一声吼”的侠气却让他天生具备了“带头大哥”属性。在西甲比赛的时候，保利尼奥也曾有过这样为队友两肋插刀、主持公道的场面。记得当时是西甲第36轮，是一场充满火药味的西班牙德比。他为队友苏亚雷斯出头，而遭到他怒斥的则是皇马球员巴斯克斯。<br />&nbsp&nbsp&nbsp&nbsp&nbsp&nbsp;<br />&nbsp&nbsp&nbsp&nbsp&nbsp&nbsp;现在，这场巴西国家队的友谊赛，保利尼奥的“带头大哥”属性又被点燃，上演了以上火爆的一幕。其实，每一支球队，都需要一个像保利尼奥这样敢于出头的人，而作为保利尼奥的队友，也一定会为他点赞，并为拥有他这样的队友感到欣慰和感动！','2018-06-13',1),(21,25,'名记曝詹皇不喜欢休斯敦 争冠和生活他如何选择','腾讯体育讯&nbsp;北京时间6月13日，今年夏天，勒布朗-詹姆斯有机会成为一名自由球员，联盟很多球队都在追逐他，这其中也包括了休斯敦火箭，不过一个不利的消息是，詹姆斯并不喜欢休斯敦这座城市。<br />&nbsp&nbsp&nbsp&nbsp&nbsp&nbsp;<br />&nbsp&nbsp&nbsp&nbsp&nbsp&nbsp;之前接受采访的时候，好友韦德曾经表示，今年夏天，决定詹姆斯将会去哪的一个主要因素，将会是生活方式，如果是这样，那对于休斯敦来说，这就是一个非常不利的因素。<br />&nbsp&nbsp&nbsp&nbsp&nbsp&nbsp;<br />&nbsp&nbsp&nbsp&nbsp&nbsp&nbsp;因为近日《阿克伦灯塔报》的记者马尔拉-里德诺接受采访的时候表示，“这个赛季，当我们在休斯敦的时候，我曾经听他亲口说，他并不喜欢休斯敦这座城市。所以，要求他加盟这样一座城市非常的疯狂。”<br />&nbsp&nbsp&nbsp&nbsp&nbsp&nbsp;<br />&nbsp&nbsp&nbsp&nbsp&nbsp&nbsp;如果从生活方式的角度来讲，詹姆斯可能不会选择休斯敦，但詹姆斯仍然想要保持总冠军模式。目前的联盟中，没有球队比火箭更有实力击败勇士队拿到总冠军奖杯。不过，詹姆斯的加盟是否能让火箭拿到总冠军奖杯，詹姆斯、哈登、克里斯-保罗三人的球权分配，这些都可能会成为问题，值得球队进一步探讨。<br />&nbsp&nbsp&nbsp&nbsp&nbsp&nbsp;<br />&nbsp&nbsp&nbsp&nbsp&nbsp&nbsp;不同于前两次抉择，如今詹姆斯的大儿子布朗尼已经13岁，小儿子布莱斯也已经11岁，之前接受采访的时候，詹姆斯曾经表示，家庭会是他考虑的关键因素。“我的儿子们现在到了这样的年纪，4年前我做决定的时候，他们小多了，我还有一个女儿，4年前我还没有这个女儿，所以我会坐下来考虑一切，无论我决定做什么，家人都是很关键的一个因素。”<br />&nbsp&nbsp&nbsp&nbsp&nbsp&nbsp;<br />&nbsp&nbsp&nbsp&nbsp&nbsp&nbsp;过去的一个赛季中，詹姆斯常规赛全勤，场均出战36.9分钟，可以得到27.5分8.6个篮板9.1次助攻，投篮命中率为54.2%，三分球命中率为36.7%。而今年的季后赛中，詹姆斯场均出战42分钟，可以得到34分9.1个篮板9.1次助攻，投篮命中率为53.9%，三分球命中率为34.2%。','2018-06-13',1),(23,26,'美国影帝史泰龙被控性侵 警方已展开调查','奥斯卡影帝摩根•弗里曼涉嫌性侵之后，拥有《洛奇》和《第一滴血》等代表作的另一名美国影帝史泰龙被控性侵。法国新闻广播电台6月14日报道称，由于一名女性称曾在1990年代遭遇史泰龙性侵之后，美国检方已经展开了调查。<br />&nbsp&nbsp&nbsp&nbsp&nbsp&nbsp;<br />&nbsp&nbsp&nbsp&nbsp&nbsp&nbsp;&nbsp;&nbsp;美国当地时间6月13日，洛杉矶检方发言人告诉法新社，圣莫尼卡警方已经向检方递交了有关史泰龙案件的资料，将由性犯罪专家团队进行审查。该资料的主要内容是，一位女性在2017年11月“#MeToo”运动时透露，曾在1990年代遭到史泰龙性侵。<br />&nbsp&nbsp&nbsp&nbsp&nbsp&nbsp;<br />&nbsp&nbsp&nbsp&nbsp&nbsp&nbsp;&nbsp;&nbsp;据报道，2017年12月，史泰龙的律师曾向媒体宣布，史泰龙明确否认了这一指控。但他承认，1987年在以色列拍片时，单身的史泰龙曾与这名女性发生关系。<br />&nbsp&nbsp&nbsp&nbsp&nbsp&nbsp;<br />&nbsp&nbsp&nbsp&nbsp&nbsp&nbsp;&nbsp;&nbsp;律师指出，史泰龙将会以虚假声明提起诉讼。<br />&nbsp&nbsp&nbsp&nbsp&nbsp&nbsp;<br />&nbsp&nbsp&nbsp&nbsp&nbsp&nbsp;','2018-06-14',1),(24,24,'我校召开2018年本科招生宣传工作会','6月11日，2018年本科招生宣传工作会议在云塘校区一办九楼会议室召开。校党委副书记邹宏如出席，各相关职能部门负责人、各学院党政主要负责人及全体招生宣传人员200余人参加会议。会议由招生就业处处长方文彬主持。<br />&nbsp&nbsp&nbsp&nbsp&nbsp&nbsp;<br />&nbsp&nbsp&nbsp&nbsp&nbsp&nbsp;会上，方文彬详细通报了高考改革的变化及进程、2017年招生录取基本情况及2018年高考考情和招生形势，分析了在高考改革不断推进和学校推进“办优质本科，建一流学科，创百强大学”的新形势下，本科招生工作面临的新困难和新挑战，并对我校2018年本科招生宣传工作进行了安排部署。<br />&nbsp&nbsp&nbsp&nbsp&nbsp&nbsp;<br />&nbsp&nbsp&nbsp&nbsp&nbsp&nbsp;纪检监察处处长胡秀英对招生宣传纪律提出“政策明、业务实、纪律严、作风优”的要求。她强调，招生宣传工作要把握好三个“一定”：招生宣传内容一定要从实际出发，突出真实性与权威性；招生宣传人员一定要认真学习相关文件精神，准确把握招生政策；招生宣传过程中一定要廉洁自律，严守中央八项规定。<br />&nbsp&nbsp&nbsp&nbsp&nbsp&nbsp;<br />&nbsp&nbsp&nbsp&nbsp&nbsp&nbsp;邹宏如作总结发言。他指出，新高考改革对学校人才培养和学校发展等各方面工作均将带来严峻的新挑战。他强调，推动招生宣传工作实现新跨越，大幅度提高生源质量，是学校推进“双一流”建设、创百强大学、建设特色鲜明的高水平大学必须解决的关键问题。他要求，各单位和全体招生宣传人员要提高认识，增强招生工作的责任感和使命感。树立忧患意识和危机意识，充分认识生源质量对百强大学建设的重要性，要适应社会，不断调整，顺应高考招生改革的新趋势；抓实抓细，提高招生宣传工作的实效性。各学院要增强主体意识，切实发挥学院在招生宣传中的主体作用，积极谋划，组织动员广大教职工特别是优秀骨干教师积极参与招生宣传工作；职能部门要构建全方位的招生宣传体系，量化招生宣传成效标准，提高服务意识，众志成城、同心协力，圆满完成今年招生宣传工作，确保生源质量持续提升。<br />&nbsp&nbsp&nbsp&nbsp&nbsp&nbsp;<br />&nbsp&nbsp&nbsp&nbsp&nbsp&nbsp;会后，招生就业处副处长田向阳对全体招生宣传人员进行了业务培训。<br />&nbsp&nbsp&nbsp&nbsp&nbsp&nbsp;<br />&nbsp&nbsp&nbsp&nbsp&nbsp&nbsp;','2018-06-14',1),(25,24,'学校召开中外合作办学工作专题会议','为保障我校首个中外合作办学项目平稳运行，有序推进2019年项目专项评估迎评工作，6月11日，副校长蒋昌波在一办三楼会议室主持召开中外合作办学工作会议，专题研讨项目运行、迎评估工作中出现的新情况和对策。校党委委员兼国际学院党委书记付嫦娥，教务处、国际交流处、计划财务处、招生就业处、学工部（处）、土木工程学院、交通运输工程学院、国际学院相关负责人以及中外合作办学项目办公室全体人员参加了会议。<br />&nbsp&nbsp&nbsp&nbsp&nbsp&nbsp;<br />&nbsp&nbsp&nbsp&nbsp&nbsp&nbsp;会上，蒋昌波强调中外合作办学已成为我校国际化办学的重要组成部分，是学校“双一流”建设的重要推手，要求大家在学校国际化办学过程积极研究新情况，解决新问题，继续以高度的责任感加强协同合作，以项目迎评为抓手进一步提高中外合作办学水平，更好地服务国际化人才培养。<br />&nbsp&nbsp&nbsp&nbsp&nbsp&nbsp;<br />&nbsp&nbsp&nbsp&nbsp&nbsp&nbsp;随后，与会人员紧紧围绕现阶段中外合作办学本科教育项目（土木工程）运行和迎接评估的相关问题展开了讨论，针对该项目学生出国学习实施细则条款、研究生推免、大四阶段教学组织安排以及项目迎评等内容进行了充分交流，统一了思想认识，为项目健康运行和项目迎评奠定了坚实基础。<br />&nbsp&nbsp&nbsp&nbsp&nbsp&nbsp;<br />&nbsp&nbsp&nbsp&nbsp&nbsp&nbsp;付嫦娥代表国际学院对各职能部门与专业依托学院的大力支持表示了感谢，并强调，本次会议是我校中外合作办学发展到新阶段召开的一次重要会议，对进一步凝聚共识、保障项目平稳运行具有重要意义，希望大家在项目运行和迎评工作中精心谋划，通力合作，对标建设，以优异的成绩通过教育部评估。','2018-06-14',1),(26,25,'中国女排1比3憾负土耳其 7胜8负结束分站赛','北京时间6月15日凌晨，2018年世界女排联赛德国斯图加特站展开收官日的较量。面对锁定总决赛入场券后阵容有所保留的土耳其，同样由年轻选手主打的中国女排1比3告负，遭遇本周的两连败。中国队以1胜2负积2分的成绩结束了斯图加特站的比赛，预赛总成绩为15战7胜8负斩获22分。<br />&nbsp&nbsp&nbsp&nbsp&nbsp&nbsp;中国队本场更大胆地使用新人，首发阵容为主攻李盈莹、段放，副攻袁心玥、王媛媛，接应龚翔宇，二传刁琳宇，自由人孟子旋。土耳其队已经获得总决赛资格，本场比赛也有所保留，首发派出主攻巴拉丁、梅里哈，副攻阿里奇、居内什，接应埃布拉尔，二传奥兹巴伊和自由人萨里奥格鲁。<br />&nbsp&nbsp&nbsp&nbsp&nbsp&nbsp;首局中国队曾以19比18反超，但局末关键分把握稍差，以26比28憾负。第二局中国曾以21比25再负，以0比2落后。第三局中国队由张轶婵和李盈莹搭档主攻，以25比20扳回一局，1比2。<br />&nbsp&nbsp&nbsp&nbsp&nbsp&nbsp;<br />&nbsp&nbsp&nbsp&nbsp&nbsp&nbsp;关键的第四局，中国队乘胜追击，张轶婵连续强攻得分，一度取得11比7占先。此时，表现最出色的龚翔宇在一次扣球后落地时崴脚，被曾春蕾换下。这次被动换人让中国队受到了较大影响，此后进攻受阻并遭遇卡轮，土耳其最终以25比20拿下此局，3比1胜出。<br />&nbsp&nbsp&nbsp&nbsp&nbsp&nbsp;龚翔宇本场进攻23中11，加上5拦2发，得到中国队最高的18分，李盈莹、袁心玥、王媛媛分别得到12分、11分、10分，土耳其主攻巴拉丁以24分获本场得分王。<br />&nbsp&nbsp&nbsp&nbsp&nbsp&nbsp;<br />&nbsp&nbsp&nbsp&nbsp&nbsp&nbsp;接下来，中国队将参加本月底在南京举行的世界女排联赛总决赛。','2018-06-15',1),(27,25,'世界杯，处处可见“中国元素”','&nbsp;尽管中国国家队无缘亮相，但在举办世界杯的俄罗斯，处处可见中国元素——四家中国品牌占据顶级和二级赞助商的三分之一，加上赞助球队及球星的企业，以及来自中国的小龙虾、吉祥物、纪念币等等，几乎涵盖世界杯期间的吃喝玩乐，这都以独特的方式昭示着今日中国与世界第一运动足球的亲密关系。<br />&nbsp&nbsp&nbsp&nbsp&nbsp&nbsp;<br />&nbsp&nbsp&nbsp&nbsp&nbsp&nbsp;中国品牌云集世界杯并非偶然。40年的改革开放带动了中国的经济发展，也催生了营销理念上的更新换代，以往“酒香不怕巷子深”的观念已经过时，“中国制造”“中国品牌”要享誉世界必须向“中国创造”“世界品牌”转变。<br />&nbsp&nbsp&nbsp&nbsp&nbsp&nbsp;<br />&nbsp&nbsp&nbsp&nbsp&nbsp&nbsp;以俄罗斯世界杯赞助商海信为例，海信2016年赞助了欧洲杯，成为欧洲杯56年历史上第一个来自中国的全球顶级赞助商，如今他们又成为世界杯近百年历史上第一个中国电视品牌赞助商。<br />&nbsp&nbsp&nbsp&nbsp&nbsp&nbsp;<br />&nbsp&nbsp&nbsp&nbsp&nbsp&nbsp;今年，除了史无前例的中国品牌闪耀俄罗斯外，征战俄罗斯世界杯的中超联赛现役外籍球员数量也创造了新纪录。国际足联统计显示，736名参赛球员中包括8支中超俱乐部的9名球员，多人效力于巴西、阿根廷、比利时、葡萄牙等强队。如果算上中超旧将如巴西的保利尼奥、澳大利亚的卡希尔、韩国的张贤秀和郑又荣等，这一数字还要增加。<br />&nbsp&nbsp&nbsp&nbsp&nbsp&nbsp;<br />&nbsp&nbsp&nbsp&nbsp&nbsp&nbsp;另外，本届世界杯的纪念币印章由南京造币厂制造。而且，十万只小龙虾已从武汉抵达莫斯科。全球球迷不仅能感受“中国制造”带来的视觉盛宴，还可以品尝中国小龙虾带来的味觉盛宴。<br />&nbsp&nbsp&nbsp&nbsp&nbsp&nbsp;<br />&nbsp&nbsp&nbsp&nbsp&nbsp&nbsp;如今，前往球场直击世界杯比赛早已不是奢望。据统计，超过4万名中国球迷购买了俄罗斯世界杯的门票，位列俄罗斯之外的前十位球迷来源国之列。<br />&nbsp&nbsp&nbsp&nbsp&nbsp&nbsp;<br />&nbsp&nbsp&nbsp&nbsp&nbsp&nbsp;除了前往俄罗斯观赛，在家的中国球迷接触世界杯的渠道和方式也变得更多元、更快捷。不仅可以通过报纸、电视了解世界杯，网络观赛也早已不新鲜，观赛体验将更加“移动化”“新媒体化”，有时候或许能在公共交通上听到紧盯手机屏以及忘情的加油喝彩。','2018-06-15',1),(28,25,'俄罗斯世界杯直击：揭幕战的场外快乐','&nbsp;6月14日，2018年俄罗斯世界杯揭幕战——俄罗斯队对沙特队的比赛在莫斯科打响。<br />&nbsp&nbsp&nbsp&nbsp&nbsp&nbsp;<br />&nbsp&nbsp&nbsp&nbsp&nbsp&nbsp;&nbsp;&nbsp;在离比赛尚有几个小时时，足球的快乐魔力就已开始显现。早早来到在赛事举行地——卢日尼基体育场外的球迷们，聚在一起，或手舞足蹈，或摇旗呐喊，为即将到来的比赛助威。<br />&nbsp&nbsp&nbsp&nbsp&nbsp&nbsp;这种喧闹直到世界杯开幕式快要开始时，才转移至场内。据俄方统计，当天进入卢日尼基体育场观看揭幕战的观众超过了7.8万人，整个体育场内几乎座无虚席。<br />&nbsp&nbsp&nbsp&nbsp&nbsp&nbsp;<br />&nbsp&nbsp&nbsp&nbsp&nbsp&nbsp;&nbsp;&nbsp;无缘入场的球迷则选择到户外大屏幕前“抱团”感受比赛气氛。莫斯科麻雀山的球迷节(FIFAFANFEST)就是最好选择——这里不但有饮食提供，还早已立起了数块大屏幕。揭幕战打响后，麻雀山的上万球迷也随即开始激动起来，随着俄罗斯队进球数不断增多，球迷们的欢呼声也不断提高，在俄罗斯队攻入最后一球后，现场气氛达到了最高点。<br />&nbsp&nbsp&nbsp&nbsp&nbsp&nbsp;<br />&nbsp&nbsp&nbsp&nbsp&nbsp&nbsp;&nbsp;&nbsp;经过90分钟对决，俄罗斯队最终以5比0的比分大胜沙特队。随着终场哨声的吹响，球迷们在看球期间积攒的欢乐也随之开始在场外释放。<br />&nbsp&nbsp&nbsp&nbsp&nbsp&nbsp;<br />&nbsp&nbsp&nbsp&nbsp&nbsp&nbsp;&nbsp;&nbsp;散场后的莫斯科街头，经常可见插着俄罗斯国旗的汽车疾驰而过。坐车的狂热球迷裸着上半身探出车外，不断朝路边的行人挥舞双臂，高声大喊，迫不及待地要把自己的兴奋与他人分享。<br />&nbsp&nbsp&nbsp&nbsp&nbsp&nbsp;<br />&nbsp&nbsp&nbsp&nbsp&nbsp&nbsp;&nbsp;&nbsp;步行的球迷们也难以抑制自己的激动。一些身披国旗，脸上涂着红白蓝三色的足球爱好者对着等待他们过马路的汽车竖起大拇指并欢快地吹响了喇叭，引来周围车辆的一片鸣喇叭附和。<br />&nbsp&nbsp&nbsp&nbsp&nbsp&nbsp;值得注意的是，这种快乐不只属于俄罗斯球迷，也属于其他国家的球迷，甚至包括输球的沙特队球迷。赛后，不少沙特球迷依旧开始狂欢，享受在异国观赛的乐趣，超脱了比赛本身的胜负悲欢。<br />&nbsp&nbsp&nbsp&nbsp&nbsp&nbsp;<br />&nbsp&nbsp&nbsp&nbsp&nbsp&nbsp;&nbsp;&nbsp;在这种快乐氛围的笼罩下，即使不懂球的民众也跟着高兴起来。在球迷节附近，几位打扮时尚的女孩们随着音乐翩然起舞，即使在媒体的镜头前也没有丝毫羞涩。她们高兴地理由很简单：俄罗斯赢了，男友们很高兴。<br />&nbsp&nbsp&nbsp&nbsp&nbsp&nbsp;<br />&nbsp&nbsp&nbsp&nbsp&nbsp&nbsp;&nbsp;&nbsp;比赛结束后，球迷们涌进了赛场和球迷节附近的餐馆和啤酒馆喝酒庆祝，人流的消费让这些场所的经营者们感到了另一种快乐。<br />&nbsp&nbsp&nbsp&nbsp&nbsp&nbsp;<br />&nbsp&nbsp&nbsp&nbsp&nbsp&nbsp;&nbsp;&nbsp;在路边兜售国旗的小贩们也是这场比赛的赢家。赛前，售价在300卢布至400卢布(约合5至8美元)不等的国旗成了俏货，购买者络绎不绝。而赛后，借着大胜后的一波庆祝行情，这些小贩们又一次迎来了购买高峰。记者听到唯一的不满声音是源于小贩们的同行竞争：一位上年纪的大妈抱怨自己被同行赶出了人流多的好地方。可即使这样，她手上的国旗也所剩不多。<br />&nbsp&nbsp&nbsp&nbsp&nbsp&nbsp;<br />&nbsp&nbsp&nbsp&nbsp&nbsp&nbsp;&nbsp;&nbsp;足球带来的快乐持续至半夜。截至莫斯科时间晚11时30分，仍有大批球迷聚集在红场附近，高声歌唱，不愿散去。而在他们附近的则是仍在营业的酒馆和彻夜值勤的警察。(完)','2018-06-15',1),(29,25,'建业官宣“航体之王”伊沃回归 河南球迷：这比世界杯还让人兴奋','大河网讯（记者&nbsp;莫韶华）6月15日上午，大河网记者从河南建业足球俱乐部官方获悉，河南建业今天上午会官宣昔日航海英雄伊沃回归。伊沃2015年2月加盟河南建业，成为球队绝对核心，为建业做出巨大贡献，2016年11月底，转会北京人和，并随队冲超。据了解，北京人和在伊沃离开后会在中场作外援方面的补强。<br />&nbsp&nbsp&nbsp&nbsp&nbsp&nbsp;在河南建业的外援史上，伊沃排名第一当之无愧，以技术而言，还是伊沃较内托胜出一筹。有\"平民孔卡\"之称的伊沃是河南建业这两年的绝对核心,也堪称是中超近几年最成功的一笔引援。曾经的\"航体之王\"此次重新回归，期盼他能重新掀起新一轮的中超浪潮。<br />&nbsp&nbsp&nbsp&nbsp&nbsp&nbsp;<br />&nbsp&nbsp&nbsp&nbsp&nbsp&nbsp;&nbsp;&nbsp;2015年2月28日，河南建业官方宣布巴西球员伊沃加盟球队，新赛季将身披老队长陆峰的10号球衣。在2015年中超首轮比赛中，凭借伊沃的精彩发挥，一射一传帮助河南建业3-1战胜天津泰达。<br />&nbsp&nbsp&nbsp&nbsp&nbsp&nbsp;<br />&nbsp&nbsp&nbsp&nbsp&nbsp&nbsp;&nbsp;&nbsp;在效力球队的两个赛季，伊沃共出战58场比赛，取得11粒进球，17次助攻。作为中超赛场上最为出色的中场球员，伊沃在进攻端表现十分突出。除了进球和助攻外，两个赛季伊沃共完成了140次关键传球，场均2.4次关键传球数据也让伊沃位列关键传球榜的榜首。值得一提的是，伊沃连续两个赛季都是中超联赛被侵犯次数最多的球员。2015赛季，伊沃被侵犯129次，2016赛季则是111次。在被对手针对照顾的情况下能取得这样的成绩，更显难能可贵。<br />&nbsp&nbsp&nbsp&nbsp&nbsp&nbsp;<br />&nbsp&nbsp&nbsp&nbsp&nbsp&nbsp;&nbsp;&nbsp;新浪网友\"李光头\"评价比消息说，\"作为河南人，这简直比中国队世界杯夺冠还让人兴奋。建业保级有戏了。\"<br />&nbsp&nbsp&nbsp&nbsp&nbsp&nbsp;<br />&nbsp&nbsp&nbsp&nbsp&nbsp&nbsp;&nbsp;&nbsp;大河网网友@希希haih说：对伊沃也是好事，任何需要在进攻组织和得分上找到重机枪，而显然伊沃在中超舞台上，没有给人和这样的力量！回归建业，或许更闪亮。<br />&nbsp&nbsp&nbsp&nbsp&nbsp&nbsp;<br />&nbsp&nbsp&nbsp&nbsp&nbsp&nbsp;&nbsp;&nbsp;今日头条网友@pier77403：航体之王，我们终于等到你回家了。这是世界杯之外最大的利好！<br />&nbsp&nbsp&nbsp&nbsp&nbsp&nbsp;<br />&nbsp&nbsp&nbsp&nbsp&nbsp&nbsp;&nbsp;&nbsp;@西郊老车：只要发挥2015年的80％，就有戏。<br />&nbsp&nbsp&nbsp&nbsp&nbsp&nbsp;<br />&nbsp&nbsp&nbsp&nbsp&nbsp&nbsp;&nbsp;&nbsp;运动生涯：<br />&nbsp&nbsp&nbsp&nbsp&nbsp&nbsp;<br />&nbsp&nbsp&nbsp&nbsp&nbsp&nbsp;&nbsp;&nbsp;伊沃(奥利维奥·达罗萨)，1986年10月2日出生于巴西帕尔米蒂纽，国籍巴西，身高175cm，司职前锋、前卫。<br />&nbsp&nbsp&nbsp&nbsp&nbsp&nbsp;<br />&nbsp&nbsp&nbsp&nbsp&nbsp&nbsp;&nbsp;&nbsp;2007年1月，伊沃加盟巴西球队尤文图德开始了自己的职业生涯。<br />&nbsp&nbsp&nbsp&nbsp&nbsp&nbsp;<br />&nbsp&nbsp&nbsp&nbsp&nbsp&nbsp;&nbsp;&nbsp;伊沃&nbsp;河南建业时光<br />&nbsp&nbsp&nbsp&nbsp&nbsp&nbsp;<br />&nbsp&nbsp&nbsp&nbsp&nbsp&nbsp;&nbsp;&nbsp;2010年2月21日，伊沃与巴西豪门帕尔梅拉斯签约一年，在合同到期后有续约五年的可能，但伊沃并没有在这只巴西豪门球队站稳脚跟，夏季转会时被租借到庞特普雷塔。<br />&nbsp&nbsp&nbsp&nbsp&nbsp&nbsp;<br />&nbsp&nbsp&nbsp&nbsp&nbsp&nbsp;&nbsp;&nbsp;2011年1月5日，伊沃转会至葡萄牙人。<br />&nbsp&nbsp&nbsp&nbsp&nbsp&nbsp;<br />&nbsp&nbsp&nbsp&nbsp&nbsp&nbsp;&nbsp;&nbsp;2012年1月5日，伊沃离开巴西，加盟K联赛球队仁川联队。<br />&nbsp&nbsp&nbsp&nbsp&nbsp&nbsp;<br />&nbsp&nbsp&nbsp&nbsp&nbsp&nbsp;&nbsp;&nbsp;2013年1月，他再次回到巴西，加盟克里西乌马队。<br />&nbsp&nbsp&nbsp&nbsp&nbsp&nbsp;<br />&nbsp&nbsp&nbsp&nbsp&nbsp&nbsp;&nbsp;&nbsp;2014年1月，伊沃再次回到仁川联队。并荣获2014年K联赛最佳中场提名。<br />&nbsp&nbsp&nbsp&nbsp&nbsp&nbsp;<br />&nbsp&nbsp&nbsp&nbsp&nbsp&nbsp;&nbsp;&nbsp;2015年2月28日，河南建业官方宣布巴西球员伊沃加盟球队。<br />&nbsp&nbsp&nbsp&nbsp&nbsp&nbsp;<br />&nbsp&nbsp&nbsp&nbsp&nbsp&nbsp;&nbsp;&nbsp;2016年11月29日上午，北京人和官方宣布河南建业核心伊沃加盟球队。','2018-06-15',1),(30,25,'人和主帅：至少会换一名外援；希望世界杯能看见中国队','6月15日讯&nbsp;经历了一段时间的假期之后，北京人和全队已经在北京重新集结。在周四的公开训练课上，人和主教练路易斯-加西亚透露了二次转会期球队的引援计划。<br />&nbsp&nbsp&nbsp&nbsp&nbsp&nbsp;<br />&nbsp&nbsp&nbsp&nbsp&nbsp&nbsp;关于当前全队的身体状态，路易斯-加西亚介绍说：“假期结束回归后，球员们的身体状态都不错，当然和比赛的要求还是有些差距，所以需要通过训练来调整。之前有伤在身的曹永竞、孙伟哲、穆坎乔，现在都恢复得不错。”<br />&nbsp&nbsp&nbsp&nbsp&nbsp&nbsp;<br />&nbsp&nbsp&nbsp&nbsp&nbsp&nbsp;对于接下来的二次转会期，路易斯-加西亚说道：“外援上会有调整，至少会更换一名外援，但现在不方便透露。”<br />&nbsp&nbsp&nbsp&nbsp&nbsp&nbsp;<br />&nbsp&nbsp&nbsp&nbsp&nbsp&nbsp;此外，路易斯-加西亚还表示，自己会观看俄罗斯世界杯的比赛，他也希望以后能够在世界杯上看见中国队的身影。','2018-06-15',1),(31,26,'午报：外媒：特朗普称克里米亚属于俄罗斯','据消息人士透露，特朗普6月8日在加拿大魁北克G7峰会期间与七国集团其他领导人共进午餐时发表了上述讲话。<br />&nbsp&nbsp&nbsp&nbsp&nbsp&nbsp;<br />&nbsp&nbsp&nbsp&nbsp&nbsp&nbsp;目前还不清楚特朗普的言论是否是在暗示他与当前美国的外交政策有着“根本性的背离”。<br />&nbsp&nbsp&nbsp&nbsp&nbsp&nbsp;<br />&nbsp&nbsp&nbsp&nbsp&nbsp&nbsp;对于此事，白宫新闻发言人桑德斯在新闻发布会上称，她无法发表评论。<br />&nbsp&nbsp&nbsp&nbsp&nbsp&nbsp;<br />&nbsp&nbsp&nbsp&nbsp&nbsp&nbsp;据报道，乌克兰2014年2月发生国家政变后，克里米亚3月举行全民公投，96.77%克里米亚选民和95.6%塞瓦斯托波尔选民投票赞成加入俄罗斯，克里米亚共和国和塞瓦斯托波尔市并入俄罗斯版图。乌克兰至今认为克里米亚是被临时占领的领土。俄罗斯领导层多次表示，克里米亚居民是通过民主渠道、以完全遵循国际法和联合国宪章的方式加入俄罗斯的。俄罗斯总统普京说，克里米亚问题\"已彻底解决\"。','2018-06-15',1),(32,26,'日本情报收集卫星发射成功，可用于监视朝鲜军事动态','6&nbsp;月&nbsp;13&nbsp;号消息：近日，日本三菱重工和日本宇宙航空研究开发机构JAXA在鹿儿岛县的种子岛宇宙中心发射了一颗名为“雷达&nbsp;6&nbsp;号机”的情报收集卫星。卫星顺利进入预期轨道，发射取得成功。<br />&nbsp&nbsp&nbsp&nbsp&nbsp&nbsp;<br />&nbsp&nbsp&nbsp&nbsp&nbsp&nbsp;据共同社报道称这颗卫星可以清楚的拍摄到地球上的任意地点，主要被用于军事方面，主要用来监视朝鲜方面的军事动态及军事设备。而日本首相安倍晋三则表示不然，这颗卫星是起到安全保障作用，用于气象的预报和灾难的预防。<br />&nbsp&nbsp&nbsp&nbsp&nbsp&nbsp;<br />&nbsp&nbsp&nbsp&nbsp&nbsp&nbsp;这颗“雷达&nbsp;6&nbsp;号机”卫星开发费约为&nbsp;242&nbsp;亿日元（约合人民币&nbsp;14&nbsp;亿元），发射费约为&nbsp;108&nbsp;亿日元（约合人民币6.&nbsp;2&nbsp;亿元）。','2018-06-15',1),(33,26,'印度遭强风暴雨袭击至少10人死亡','据新华社电&nbsp;据印度亚洲新闻国际通讯社14日报道，印度北方邦13日遭遇强风暴雨袭击，导致至少10人死亡、28人受伤。<br />&nbsp&nbsp&nbsp&nbsp&nbsp&nbsp;<br />&nbsp&nbsp&nbsp&nbsp&nbsp&nbsp;&nbsp;&nbsp;&nbsp;&nbsp;据报道，在北方邦，贡达地区有3人死亡，法扎巴德地区有1人死亡，锡达布尔地区有6人死亡。<br />&nbsp&nbsp&nbsp&nbsp&nbsp&nbsp;<br />&nbsp&nbsp&nbsp&nbsp&nbsp&nbsp;&nbsp;&nbsp;&nbsp;&nbsp;这是本月以来北方邦再次遭受极端天气袭击。6月2日，一场雷暴大风袭击该邦，造成15人死亡、9人受伤。<br />&nbsp&nbsp&nbsp&nbsp&nbsp&nbsp;<br />&nbsp&nbsp&nbsp&nbsp&nbsp&nbsp;&nbsp;&nbsp;&nbsp;&nbsp;近日，印度西孟加拉邦遭暴雨和雷电袭击，造成至少10人死亡；印度南部喀拉拉邦部分地区遭强风暴雨袭击，导致16人死亡。上个月，印度5个邦遭遇强风暴雨袭击，造成近250人死亡、400多人受伤。','2018-06-15',1),(34,26,'库克为什么不竞选总统？原因是看不上美国政坛','6&nbsp;月&nbsp;13&nbsp;日，彭博播出了凯雷投资创始人鲁宾斯坦(David&nbsp;Rubenstein)对苹果CEO库克(Tim&nbsp;Cook)的访谈，在谈及竞选总统问题时，库克明确表示，看不上现在的美国政坛。<br />&nbsp&nbsp&nbsp&nbsp&nbsp&nbsp;<br />&nbsp&nbsp&nbsp&nbsp&nbsp&nbsp;访谈中，库克提到对“股神”沃伦·巴菲特持股苹果非常激动，回忆了已故苹果创始人史蒂夫·乔布斯面试自己的情景，强调了公司对用户隐私权的重视和对数据的保护，还提到了他不会参选美国总统。<br />&nbsp&nbsp&nbsp&nbsp&nbsp&nbsp;<br />&nbsp&nbsp&nbsp&nbsp&nbsp&nbsp;库克称：“我对政治不感兴趣。我喜欢关注政策问题，但由于华盛顿的立法机构及其他部门之间存在功能紊乱，我认为从事现在的事情能够对世界产生更大的影响。你知道，你可能想当总统，但不会参选。所以可以把我排除了。”<br />&nbsp&nbsp&nbsp&nbsp&nbsp&nbsp;<br />&nbsp&nbsp&nbsp&nbsp&nbsp&nbsp;其实关于这件事，库克早就澄清过。去年库克在爱荷华州宣布要投资&nbsp;13&nbsp;亿美元建数据中心时，有记者提出了这个问题。“你一定是在开玩笑吧”，库克当场予以否认：“不知道这些奇怪的传言是哪里来的，大概就是一些网络社交人士出于恶搞的目的才散播出来的吧”。<br />&nbsp&nbsp&nbsp&nbsp&nbsp&nbsp;<br />&nbsp&nbsp&nbsp&nbsp&nbsp&nbsp;但网络媒体似乎并不接受这样的说法，此后依然有媒体以“蒂姆·库克竞选总统吗?”的标题发表文章。库克再次回应：“我有一份很棒的全职工作，并且我深爱着苹果，我的动向与政治根本没有任何联系”。','2018-06-15',1),(35,28,'为实现普遍安全贡献中国智慧','中国倡导的安全观，体现出对时与势的准确把握，因其被实践所证明的正义性、可行性、有效性而受到国际社会普遍赞赏<br />&nbsp&nbsp&nbsp&nbsp&nbsp&nbsp;<br />&nbsp&nbsp&nbsp&nbsp&nbsp&nbsp;&nbsp;&nbsp;“我们要践行共同、综合、合作、可持续的安全观，摒弃冷战思维、集团对抗，反对以牺牲别国安全换取自身绝对安全的做法，实现普遍安全。”在上海合作组织青岛峰会上，习近平主席强调秉持新安全观，为共同维护地区安全稳定注入了强大信心，也为破解时代安全难题提供了中国智慧。<br />&nbsp&nbsp&nbsp&nbsp&nbsp&nbsp;<br />&nbsp&nbsp&nbsp&nbsp&nbsp&nbsp;&nbsp;&nbsp;历史总是富有启迪。1996年和1997年，中国、俄罗斯、哈萨克斯坦、吉尔吉斯斯坦、塔吉克斯坦五国元首先后在上海和莫斯科会晤，相继签署《关于在边境地区加强军事领域信任的协定》和《关于在边境地区裁减军事力量的协定》，上合组织的前身“上海五国”合作机制由此诞生。“两个协定”的成功履行，是中国与有关各国共同开创的全新安全合作模式。上合组织成立17年来，各成员国不断巩固战略互信，加强政策沟通和协调，推行综合施策、标本兼治的安全治理模式，安全合作不断迈上新台阶。<br />&nbsp&nbsp&nbsp&nbsp&nbsp&nbsp;<br />&nbsp&nbsp&nbsp&nbsp&nbsp&nbsp;&nbsp;&nbsp;上合组织在实践中创造性地涵养并完善了共同的安全价值观念。在上合组织秘书长阿利莫夫眼中，在各方利益基础上形成“统一的安全观”是本地区成功开展安全合作的秘诀。人们公认，中国智慧在这个过程中发挥了重要的推动作用。从互信、互利、平等、协商、尊重多样文明、谋求共同发展的“上海精神”，到树立共同、综合、合作、可持续的安全观，再到打造上合组织命运共同体，一系列旨在加强地区合作、维护地区安全稳定的理念，都彰显着思想引领的力量。<br />&nbsp&nbsp&nbsp&nbsp&nbsp&nbsp;<br />&nbsp&nbsp&nbsp&nbsp&nbsp&nbsp;&nbsp;&nbsp;国际关系史表明，以军事同盟求安全，追求独享安全、绝对安全，都不是有利于地区和平稳定的选择。军事同盟只会给地区和平稳定带来更多复杂因素，企图独享安全无异于痴人说梦。“吹灭别人的灯，会烧掉自己的胡子。”当今世界，各国的联系和交融日益紧密，安全问题的联动性、跨国性、多样性更加突出。中国倡导的安全观，体现出对时与势的准确把握——追求共同安全，才能跟上世界各国利益交融、安危与共的新现实；追求综合安全，才能在安全问题内涵和外延不断拓展的背景下进行有效安全治理；追求合作安全，才能以和平方式解决争端，不断增进各方互信；追求可持续安全，以发展促安全，才能标本兼治，实现长治久安。<br />&nbsp&nbsp&nbsp&nbsp&nbsp&nbsp;<br />&nbsp&nbsp&nbsp&nbsp&nbsp&nbsp;&nbsp;&nbsp;中国倡导的安全观因其被实践所证明的正义性、可行性、有效性而受到国际社会普遍赞赏。欧洲议会欧中友好小组秘书长盖琳说，中国提出的安全观以统筹兼顾的方法破解安全难题，以和平方式解决争端，并以可持续发展促进安全；非盟和平与安全事务委员斯梅尔·谢尔吉认为，相比西方安全观，中国的安全观更为重视经济发展的重要作用，各国应该借鉴中国的经验；英国48家集团副主席基斯·班尼特表示，中国的安全观与发展观紧密相连，是基于合作共赢原则的，为实现世界的普遍安全和共同繁荣贡献了中国智慧。<br />&nbsp&nbsp&nbsp&nbsp&nbsp&nbsp;<br />&nbsp&nbsp&nbsp&nbsp&nbsp&nbsp;&nbsp;&nbsp;和平与发展是大势所趋，安全稳定是人心所向。正是因为秉持共同、综合、合作、可持续的安全观，上合组织的安全合作之路越走越宽，不仅为地区乃至世界的安全与稳定作出巨大贡献，而且为国际安全合作提供了富有借鉴意义的成功范例。','2018-06-15',1),(36,28,'为中国雷达代言 中电科14所重装亮相世界雷达博览会','6月14日，为期3天的的第八届世界雷达博览会暨第九届军民两用电子信息技术展览会在南京国际展览中心拉开序幕。<br />&nbsp&nbsp&nbsp&nbsp&nbsp&nbsp;<br />&nbsp&nbsp&nbsp&nbsp&nbsp&nbsp;本届雷达博览会主题为“深度融合大战略，科技创新扬国威”，由中国电子科技集团有限公司、中国电子信息产业集团有限公司、中国雷达行业协会共同主办，并携手诸多军工集团、科研院所、相关社会组织及国内外雷达及国防电子信息技术领域知名高科技企业集中展示国内外的新型产品与先进技术。<br />&nbsp&nbsp&nbsp&nbsp&nbsp&nbsp;随着“军民融合”国家战略的实施，国家层面对国防军工创新发展和民企民技参与国防建设更加重视。在这一背景下，本次展会的规模超过历届，展览面积达3万平方米。<br />&nbsp&nbsp&nbsp&nbsp&nbsp&nbsp;<br />&nbsp&nbsp&nbsp&nbsp&nbsp&nbsp;中国电科14所作为中国电子科技集团公司的核心子公司，成立69年以来一直扎根南京。作为协办单位，14所此次在“家门口”倾力协办盛会。<br />&nbsp&nbsp&nbsp&nbsp&nbsp&nbsp;<br />&nbsp&nbsp&nbsp&nbsp&nbsp&nbsp;为中国雷达代言<br />&nbsp&nbsp&nbsp&nbsp&nbsp&nbsp;<br />&nbsp&nbsp&nbsp&nbsp&nbsp&nbsp;14所紧贴展会主题，以实物、影像、模型等多种表现方式，全面展示在防空预警、空基系统、气象雷达、空管雷达、智能制造、仪器仪表、基础器件、新型天线以及反恐处突系统等9大领域所取得的最新成就，全力为中国雷达代言。<br />&nbsp&nbsp&nbsp&nbsp&nbsp&nbsp;展会上，主办方中国雷达行业协会首次发布了“世界十大明星雷达装备”，此次评选活动由中国雷达领域具有一定影响力的8家行业期刊，基于“公开报道、新闻热度、技术引领、重大意义”等评选原则遴选而出。14所的远程预警相控阵雷达、舰载多功能相控阵雷达以及YLC-8B机动式反隐身预警等雷达等多款装备入围，这体现了业界对14所强大技术力以及作为中国雷达工业发源地地位的高度肯定。<br />&nbsp&nbsp&nbsp&nbsp&nbsp&nbsp;<br />&nbsp&nbsp&nbsp&nbsp&nbsp&nbsp;近年来，14所在军用电子技术领域锐意进取的同时，也响应国家军民融合的号召，大力发展军民两用技术并取得了积极进展。大量最新成就，在本次展会上得到展现。<br />&nbsp&nbsp&nbsp&nbsp&nbsp&nbsp;<br />&nbsp&nbsp&nbsp&nbsp&nbsp&nbsp;上个月，四川航空公司CSC8633航班因机械故障备降成都双流机场。飞机安全备降过程中，14所市公司国睿科技研制的DLD-100C型二次雷达在其中发挥了重要作用，同类设备在展会上也进行了展出。<br />&nbsp&nbsp&nbsp&nbsp&nbsp&nbsp;<br />&nbsp&nbsp&nbsp&nbsp&nbsp&nbsp;自主高端芯片重磅亮相<br />&nbsp&nbsp&nbsp&nbsp&nbsp&nbsp;<br />&nbsp&nbsp&nbsp&nbsp&nbsp&nbsp;在芯片问题备受关注的当下，14所在展览会上展出了一个月前刚刚通过“核高基”课题正式验收的DSP芯片——华睿2号。<br />&nbsp&nbsp&nbsp&nbsp&nbsp&nbsp;<br />&nbsp&nbsp&nbsp&nbsp&nbsp&nbsp;华睿2号由14所牵头研制，是国家十二五“核高基”重大专项高端芯片中首个通过验收的DSP项目，标志着我国在高端DSP研制领域再次取得重大突破，为我国自主芯片谱系增加了浓墨重彩的一笔，华睿2号也从此踏入全面应用的新征程。<br />&nbsp&nbsp&nbsp&nbsp&nbsp&nbsp;<br />&nbsp&nbsp&nbsp&nbsp&nbsp&nbsp;华睿2号芯片采用全自主设计，研制过程历时4年且已经过2年应用验证。芯片工作主频为1GHz，每秒可完成4000亿次浮点运算，支持64位标准双精度，综合处理性能优于国际主流DSP芯片。同时面向不同性能需求的应用，形成了华睿2号高端、中端等系列化产品，在安防监控、安全计算机等民用领域和雷达、通信、电子对抗等军用领域全面推广应用。<br />&nbsp&nbsp&nbsp&nbsp&nbsp&nbsp;<br />&nbsp&nbsp&nbsp&nbsp&nbsp&nbsp;一个集装箱能“装”大量战机<br />&nbsp&nbsp&nbsp&nbsp&nbsp&nbsp;<br />&nbsp&nbsp&nbsp&nbsp&nbsp&nbsp;14所被誉为“三军之眼、国之重器”，本次展会上其强大的军用电子技术实力再次得到了充分展现。<br />&nbsp&nbsp&nbsp&nbsp&nbsp&nbsp;<br />&nbsp&nbsp&nbsp&nbsp&nbsp&nbsp;展会现场一个看似“集装箱”的方舱成为全场焦点，这就是作为现代防空体系作战杀手锏的组网中心，这也是该中心首度对外公开亮相。伴随着现代战争模式的发展，国土防空事实上已经成为国防的代名词，组网中心就是匹配国土防空体系的区域级指挥系统。<br />&nbsp&nbsp&nbsp&nbsp&nbsp&nbsp;组网中心的成功研发体现了14所和我国在顶级电子技术领域的高水准，作为组网中心的可选配套雷达，YLC-8B型UHF波段机动式预警相控阵雷达、SLC-7&nbsp;型L波段多功能相控阵雷达、SLC-2远程火炮定位雷达、YLC-2VS波段机动三坐标警戒雷达以及YLC-18高机动中程低空三坐标雷达都将以实物集中亮相。<br />&nbsp&nbsp&nbsp&nbsp&nbsp&nbsp;<br />&nbsp&nbsp&nbsp&nbsp&nbsp&nbsp;SLC-7是我国最新发展的第四代雷达，是中国雷达走向4.0时代的标志性产品。SLC-7因为波段特性和出色技术优化，具备强大的多用途能力，对付隐身飞机、弹道导弹、巡航导弹、无人机、临近空间飞行器等等目标都不在话下，即便是火箭炮、炮弹也没问题，多功途能力十分强大。<br />&nbsp&nbsp&nbsp&nbsp&nbsp&nbsp;<br />&nbsp&nbsp&nbsp&nbsp&nbsp&nbsp;SLC-7作为4.0雷达还具备自主化作战和超级抗干扰能力这两个标志性的特点：前者是指雷达自主化作战能力很强，例如雷达几乎可以一键架设，使用中目标的的捕捉识别也能够自主进行，还能够自动切换作战场景，最大程度的把人的作用降到最低；超级抗干扰则是从多个技术层面提升抗干扰能力，实用中得到充分肯定。<br />&nbsp&nbsp&nbsp&nbsp&nbsp&nbsp;<br />&nbsp&nbsp&nbsp&nbsp&nbsp&nbsp;YLC-8B因强大反隐能力身蜚声中外，长期以来，14所都致力于打造严密的反隐身空中预警体系，并却得封锁成果。目前已经发展出了各品类反隐身雷达装备，堪称中国反隐身预警装备的“旗舰店”，而YLC-8B因其特性和出色性能堪称其中的旗舰型号。<br />&nbsp&nbsp&nbsp&nbsp&nbsp&nbsp;<br />&nbsp&nbsp&nbsp&nbsp&nbsp&nbsp;低空武器往往从雷达的探测盲区进入，给对方的防空系统造成打击和摧毁。针对低空武器的第一道防线，便是有效的雷达预警探测。<br />&nbsp&nbsp&nbsp&nbsp&nbsp&nbsp;YLC-18雷达便是一款性能出众的高机动三坐标低空补盲雷达。它既可作为低空目标探测雷达与中高空警戒雷达共同构建雷达情报网，也可用作防空高炮部队或地对空导弹部队的目标指示雷达。作为我国现役最先进的警戒雷达之一，YLC-18主要用于探测中低空和低空飞机或巡航导弹，对于“低小慢”目标有着良好的发现概率。<br />&nbsp&nbsp&nbsp&nbsp&nbsp&nbsp;<br />&nbsp&nbsp&nbsp&nbsp&nbsp&nbsp;SLC-2的出口成绩傲人，其在实战中得以改良，改良后继续实战，性能不断得到跃升，是国内少数在实战中成长的武器。','2018-06-15',1),(37,28,'“美朝谈好了 日本来付钱”！安倍成最优秀的接盘侠','恭喜日本在朝鲜半岛无核化上并没有被边缘化。<br />&nbsp&nbsp&nbsp&nbsp&nbsp&nbsp;<br />&nbsp&nbsp&nbsp&nbsp&nbsp&nbsp;&nbsp;&nbsp;备受瞩目的“特金会”于昨日落下帷幕，朝美领导人达成了“半岛完全无核化”的书面共识。不过就当外界好奇“谁来支付朝鲜高昂的去核费用”时，特朗普提名日本，称“这俩国挨得近”。<br />&nbsp&nbsp&nbsp&nbsp&nbsp&nbsp;<br />&nbsp&nbsp&nbsp&nbsp&nbsp&nbsp;<br />&nbsp&nbsp&nbsp&nbsp&nbsp&nbsp;&nbsp;&nbsp;因此，特朗普已经受到了日本网民的一波“讨伐”。<br />&nbsp&nbsp&nbsp&nbsp&nbsp&nbsp;<br />&nbsp&nbsp&nbsp&nbsp&nbsp&nbsp;&nbsp;&nbsp;不料安倍晋三政府对“接盘侠”一职也没什么怨言。东京今日（13日）宣布将承担朝鲜去核的初始费用，但有个前提：朝鲜必须先通过国际原子能机构的审查。<br />&nbsp&nbsp&nbsp&nbsp&nbsp&nbsp;“我们谈好了，日本你来付”&nbsp;图自POLITICO<br />&nbsp&nbsp&nbsp&nbsp&nbsp&nbsp;<br />&nbsp&nbsp&nbsp&nbsp&nbsp&nbsp;&nbsp;&nbsp;因此，特朗普已经受到了日本网民的一波“讨伐”。<br />&nbsp&nbsp&nbsp&nbsp&nbsp&nbsp;<br />&nbsp&nbsp&nbsp&nbsp&nbsp&nbsp;&nbsp;&nbsp;不料安倍晋三政府对“接盘侠”一职也没什么怨言。东京今日（13日）宣布将承担朝鲜去核的初始费用，但有个前提：朝鲜必须先通过国际原子能机构的审查。','2018-06-15',1),(38,28,'特朗普一封“逐客令” 美国四铁友全跑来中国','川普犹如投入平静水面的砖头，让国际形势进入一个大调整和大混乱时期。此前对美国亦步亦趋的盟友们发现，如今这条路走不通了。膘肥体壮的美国可以赌气，而傻傻跟着美国的盟友们只能赌命。<br />&nbsp&nbsp&nbsp&nbsp&nbsp&nbsp;<br />&nbsp&nbsp&nbsp&nbsp&nbsp&nbsp;&nbsp;&nbsp;随着美国与盟友的利益日趋分裂，很多西方国家被迫寻找一条自己的路。这突出表现在对华关系上。如今排队访华的国家很多，其中尤其以德国、印度、澳大利亚和日本这4个美国的重要盟友最为醒目。<br />&nbsp&nbsp&nbsp&nbsp&nbsp&nbsp;<br />&nbsp&nbsp&nbsp&nbsp&nbsp&nbsp;&nbsp;&nbsp;美国四铁友全跑来中国德国是欧盟实际上的核心，其GDP占欧盟的20%左右。默克尔访华的诉求代表了欧盟的整体利益。在川普悍然撕毁“伊核协议”、中美突然决定在经贸领域休战之际，欧盟急需对华加强战略沟通。<br />&nbsp&nbsp&nbsp&nbsp&nbsp&nbsp;事实上，白宫在伊核与经贸这2件大事上已经彻底激怒了老欧洲。川普驳回了德法英3个国家首脑的面子，拒绝听从劝说，执意摧毁来之不易的协议。真正遭受惨重损失的是欧洲企业。<br />&nbsp&nbsp&nbsp&nbsp&nbsp&nbsp;<br />&nbsp&nbsp&nbsp&nbsp&nbsp&nbsp;&nbsp;&nbsp;美国国务卿蓬佩奥在5月21日还提出了旨在完全解除伊朗武装的12个新要求，已经彻底激怒了这个中东强国。而新兴大国承诺将扩大对美商品和服务的进口，让欧盟感到威胁和寒意。在需求一定的情况下，扩大从美国进口必然要削减从其他方面的进口，欧盟对此自然是心急如焚。<br />&nbsp&nbsp&nbsp&nbsp&nbsp&nbsp;<br />&nbsp&nbsp&nbsp&nbsp&nbsp&nbsp;&nbsp;&nbsp;而莫迪在短短40天之内的2次访华安排也颇有意味。除了重建信任、进行交心之外，更重要的是从全球视野来历史角度来讨论国际形势，坦诚地对各自国家的发展和最关心的事项交换意见，最终设定未来15年的双边关系框架。作为同属东方文明古国的2个大国能够如此处理分歧，已经超越了西方的眼界。<br />&nbsp&nbsp&nbsp&nbsp&nbsp&nbsp;日本首相安倍晋三也表达出年内访华的强烈意愿。在森友丑闻的打击下，安倍支持率已经跌入谷底，迫切需要外交成绩来涨分。为此，日方宣布将“对华包围战略”调整为“协调融合路线”。双方在领土和历史问题上存在尖锐矛盾，但为了应对美国的冲击而暂时搁置争端。探客认为，安倍的主动和好姿态也证明是日本有求于新兴大国。','2018-06-15',1),(39,28,'进度紧追中国航母！英国第二艘女王级航母完工','&nbsp;近日，据网上发布的最新组图显示，英国皇家海军的第二艘伊丽莎白女王级航母“威尔士亲王”号的主体工程已完工。英国国防部也于近日表示，“威尔士亲王”号已基本完工，等待交付，预计将于2020年服役。<br />&nbsp&nbsp&nbsp&nbsp&nbsp&nbsp;<br />&nbsp&nbsp&nbsp&nbsp&nbsp&nbsp;图为从舰艏滑跃甲板拍摄的“威尔士亲王”号飞行甲板。（参考消息网发）<br />&nbsp&nbsp&nbsp&nbsp&nbsp&nbsp;<br />&nbsp&nbsp&nbsp&nbsp&nbsp&nbsp;&nbsp;&nbsp;“威尔士亲王”号于2011年5月开工建造，2017年12月下水，计划于2019年进行测试。<br />&nbsp&nbsp&nbsp&nbsp&nbsp&nbsp;<br />&nbsp&nbsp&nbsp&nbsp&nbsp&nbsp;&nbsp;&nbsp;2艘6.5万吨级的伊丽莎白女王级航母将成为未来皇家海军水面舰队的核心，BAE也是建造该级航母的主要厂商之一，首舰“伊丽莎白女王”号已于2017年12月正式服役。','2018-06-15',1),(40,28,'美媒关注我舰载机飞行员夜间起降：发挥航母最大威力','美国战略之页网站6月10日发表题为《海军航空：中国驾驭了“夜间陷阱”》的报道称，中国舰载机飞行员驾驶歼-15战斗机进行夜间着舰的画面首度公开。这是一项了不起的成就。<br />&nbsp&nbsp&nbsp&nbsp&nbsp&nbsp;<br />&nbsp&nbsp&nbsp&nbsp&nbsp&nbsp;&nbsp;&nbsp;报道认为，舰载机夜间着舰被称为“夜间陷阱”，这被认为是飞行员所能执行的最困难的任务，特别是在恶劣的天气条件下。<br />&nbsp&nbsp&nbsp&nbsp&nbsp&nbsp;<br />&nbsp&nbsp&nbsp&nbsp&nbsp&nbsp;&nbsp;&nbsp;报道称，截至2018年初，中国已经拥有近40名具备昼间航母起降能力的舰载机飞行员，但到目前为止，能驾驭“夜间陷阱”的中国舰载机飞行员显然更少。<br />&nbsp&nbsp&nbsp&nbsp&nbsp&nbsp;<br />&nbsp&nbsp&nbsp&nbsp&nbsp&nbsp;&nbsp;&nbsp;2012年11月，一位中国飞行员驾机在中国航母上进行了首次昼间起降。中国的首艘航母“辽宁”号（CV-16）在2012年9月入列，其排水量为6.5万吨，长305米，其多次海试的时间跨度超过一年。<br />&nbsp&nbsp&nbsp&nbsp&nbsp&nbsp;<br />&nbsp&nbsp&nbsp&nbsp&nbsp&nbsp;&nbsp;&nbsp;报道称，在那段时间里，“辽宁”号在海上度过了大约4个月。这都是为飞行任务做准备。2011年，中国证实“辽宁”号将首先作为一艘训练舰使用。中国计划在“辽宁”号上部署多达24架战斗机和26架直升机，并利用该舰为另外4艘或更多的航母训练飞行员和航母舰员。<br />&nbsp&nbsp&nbsp&nbsp&nbsp&nbsp;<br />&nbsp&nbsp&nbsp&nbsp&nbsp&nbsp;&nbsp;&nbsp;报道称，第2艘中国航母（CV-17）是“辽宁”号的改进版，排水量为7万吨，可能于2019年初入列。该舰可携带32架歼-15战斗机和10架直升机。中国的第3艘航母——排水量8.5万吨的CV-18——是一艘新设计的航母，它正在建造中，预计将于2023年入列。届时中国将至少需要200名具备完全航母资质（能执行全天候飞行任务）的舰载战斗机飞行员，才能使其航母部队发挥最大威力。<br />&nbsp&nbsp&nbsp&nbsp&nbsp&nbsp;<br />&nbsp&nbsp&nbsp&nbsp&nbsp&nbsp;&nbsp;&nbsp;报道称，2007年，中国海军航空兵开始训练舰载战斗机飞行员。过去，中国海军的战斗机飞行员要去空军航校接受培训，然后转到海军飞行训练学校学习如何执行专门化任务。现在，在航母上执行任务和航母起降等内容被列入海军战斗机飞行员的课程大纲。<br />&nbsp&nbsp&nbsp&nbsp&nbsp&nbsp;<br />&nbsp&nbsp&nbsp&nbsp&nbsp&nbsp;&nbsp;&nbsp;报道称，2011年，中国第一批舰载机飞行员在大连舰艇学院完成了为期4年的训练。训练内容中包括利用陆地上的模拟航母甲板来学习如何在航母上进行起降。但在移动的航母上着舰就是另外一回事了。俄罗斯人提醒中国，要发展有效管理航母所需的知识和技能（包括培养出足够多的合格飞行员）可能需要10年甚至更长时间。中国人充满斗志，艰难向前推进。<br />&nbsp&nbsp&nbsp&nbsp&nbsp&nbsp;<br />&nbsp&nbsp&nbsp&nbsp&nbsp&nbsp;&nbsp;&nbsp;报道称，中国舰载机的首次起降显然是在平静的海况条件下进行的。在恶劣天气下（当航母上下颠簸、左右摇晃时）和夜间起降的难度显然更大。与美国一样，中国海军舰载机飞行员必须首先能够具备进行常态化夜间着舰的能力，才能拥有执行航母任务的完全资格。<br />&nbsp&nbsp&nbsp&nbsp&nbsp&nbsp;<br />&nbsp&nbsp&nbsp&nbsp&nbsp&nbsp;&nbsp;&nbsp;报道认为，一艘航母要想具备完全作战能力，每架舰载机需要匹配一名以上的合格飞行员（美国的标准是每架飞机匹配1.5名合格飞行员）。因此，CV-17上的歼-15战斗机满编时需要匹配40到50名合格的舰载机飞行员。<br />&nbsp&nbsp&nbsp&nbsp&nbsp&nbsp;<br />&nbsp&nbsp&nbsp&nbsp&nbsp&nbsp;&nbsp;&nbsp;报道称，中国可能会利用软件辅助降落的方法，设法加快航母舰载机飞行员的训练。这将涉及获取类似于美国海军为舰载机自动化着舰所研发的那种软件，开发和完善这种软件可能需要一段时间。美国海军之所以研发此类软件，是因为它对新型舰载无人机（比如MQ-25A无人加油机）而言不可或缺。美国海军还在开发新软件，让用于有人驾驶舰载机的任务控制软件也可以用于操作舰载无人机。','2018-06-15',1),(41,24,'段伟文：机器智能的社会化与人工情感','报告承办单位：马克思主义学院<br />&nbsp&nbsp&nbsp&nbsp&nbsp&nbsp;<br />&nbsp&nbsp&nbsp&nbsp&nbsp&nbsp;报告内容：机器智能的社会化与人工情感<br />&nbsp&nbsp&nbsp&nbsp&nbsp&nbsp;<br />&nbsp&nbsp&nbsp&nbsp&nbsp&nbsp;报告人姓名：段伟文<br />&nbsp&nbsp&nbsp&nbsp&nbsp&nbsp;<br />&nbsp&nbsp&nbsp&nbsp&nbsp&nbsp;报告人所在单位：中国社会科学院<br />&nbsp&nbsp&nbsp&nbsp&nbsp&nbsp;<br />&nbsp&nbsp&nbsp&nbsp&nbsp&nbsp;报告人职称/职务及学术头衔：研究员/国家重大项目首席专家<br />&nbsp&nbsp&nbsp&nbsp&nbsp&nbsp;<br />&nbsp&nbsp&nbsp&nbsp&nbsp&nbsp;主持人：易显飞<br />&nbsp&nbsp&nbsp&nbsp&nbsp&nbsp;<br />&nbsp&nbsp&nbsp&nbsp&nbsp&nbsp;报告时间：2018年6月14日（周四）下午2点30分<br />&nbsp&nbsp&nbsp&nbsp&nbsp&nbsp;<br />&nbsp&nbsp&nbsp&nbsp&nbsp&nbsp;报告地点：金盆岭校区4教503学术报告厅<br />&nbsp&nbsp&nbsp&nbsp&nbsp&nbsp;<br />&nbsp&nbsp&nbsp&nbsp&nbsp&nbsp;内容提要：<br />&nbsp&nbsp&nbsp&nbsp&nbsp&nbsp;<br />&nbsp&nbsp&nbsp&nbsp&nbsp&nbsp;随着社会化机器人的发展，机器智能的社会化应用场景不断拓展，情感计算（affective&nbsp;computing）与人工移情(Artificial&nbsp;Empathy，又称人工共情或人工同理心)等成为人机交互与人机共生领域研究、设计与实践的焦点，由此也带来了一系列值得讨论问题：能否通过情感建模构建可与人类实现情感共生的社会化机器人？人工移情的构建能否或如何参照人类移情的发展模式？人工移情的发展会对人类与机器智能之间情感和伦理关系带来哪些深刻的影响？对这些问题的探究则引发了进一步的哲学追问：人工情感与人工移情的形成与发展是取决于智能体的外在表达、内在认知还是交互实践？情感计算与人工移情研究能否发现和构建一种适用于包括人和机器智能在内的智能体的一般情感交互模式？基于人工情感与人工移情的泛智能体或泛主体社会的发展需要一种什么样的社会本体论？人与智能机器能否以人工情感为纽带在情感发展上实现共同进化？对此，需要从“仿佛哲学”（Philosophy&nbsp;of&nbsp;As-If）及“我—它”关系等方面展开新的理论思考。<br />&nbsp&nbsp&nbsp&nbsp&nbsp&nbsp;<br />&nbsp&nbsp&nbsp&nbsp&nbsp&nbsp;专家简介：<br />&nbsp&nbsp&nbsp&nbsp&nbsp&nbsp;<br />&nbsp&nbsp&nbsp&nbsp&nbsp&nbsp;段伟文，祖籍湖南新化人，中国社会科学院哲学所研究员，哲学博士，牛津大学访问学者，教育部“马工程”教材专家。主要研究方向为马克思主义与当代科技革命、大数据与人工智能的哲学、伦理及社会问题。现任国际期刊“社会中的信息、传播与伦理杂志（JICES）”、“负责任的创新（RI）”编委，中国自然辩证法研究会常务理事，中国大数据专家委员会副主任委员等职。著作有《可接受的科学：当代科学基础的反思》、《网络空间的伦理反思》、《被捆绑的时间：技术与人的生活世界》等。在《哲学研究》等期刊发表论文40余篇，主持国家社科基金重大项目等10余项。','2018-06-15',1),(42,24,'我校举行邹勇松同学先进事迹媒体见面会','6月8日上午，学校在理科楼B311举行邹勇松同学先进事迹媒体见面会，光明日报、中国教育报、新华社、中新社、新华网、中新网、央广网、中央人民广播电台、湖南日报、湖南卫视、湖南经视、湖南人民广播电台、新湖南客户端、红网、三湘都市报、潇湘晨报、湖南教育政务网、湖南教育新闻网、湖南教育电视台等20余家媒体及湘雅附一医院医务部主任钱招昕一行、邹勇松本科就读学校广东石油化工学院党委宣传部长黎齐英一行参加了见面会。会议由党委宣传部部长邹兴平主持。<br />&nbsp&nbsp&nbsp&nbsp&nbsp&nbsp;<br />&nbsp&nbsp&nbsp&nbsp&nbsp&nbsp;校党委副书记邹宏如致欢迎词，介绍了邹勇松同学的先进事迹和省委宣传部、省教育厅、团省委、学校对邹勇松同学的关心情况，并就学校在学生创新创业和思想政治工作方面的教育举措，学校对邹勇松同学未来学习、工作的支持等问题接受了媒体集体采访。邹宏如指出，希望通过媒体朋友的努力，更大幅度、更深程度向全社会宣传邹勇松的先进事迹，讲好一个具有“底色亮、特色明、有情怀、敢担当”特质的长理学子的故事，讲好一个“自强不息、顽强拼搏、乐观向上、乐于奉献”的湖南学子的故事，讲好“有理想、有本领、有担当”的青年大学生典型代表的故事，讲好湖南高等教育、湖南宣传文化战线以习近平新时代中国特色社会主义思想为指导，努力培养担当民族复兴大任的时代新人的故事，激励和鼓舞广大青年在实现“两个一百年”和中华民族伟大复兴中国梦的征程中，自强不息，顽强拼搏，勇攀高峰。<br />&nbsp&nbsp&nbsp&nbsp&nbsp&nbsp;<br />&nbsp&nbsp&nbsp&nbsp&nbsp&nbsp;光明日报唐湘岳在介绍自己的采访体会时表示，邹勇松同学在身患重病时坚持科研，用科研成果帮助他人和社会，展现了青年学生的新时代特征，希望通过媒体的宣传报道，把邹勇松同学身上的正能量辐射到更多人。<br />&nbsp&nbsp&nbsp&nbsp&nbsp&nbsp;<br />&nbsp&nbsp&nbsp&nbsp&nbsp&nbsp;邹勇松同学、邹勇松父亲、研究生导师、辅导员、研究生同学、本科阶段的老师、科研项目组成员等接受了媒体集体采访。<br />&nbsp&nbsp&nbsp&nbsp&nbsp&nbsp;<br />&nbsp&nbsp&nbsp&nbsp&nbsp&nbsp;媒体见面会后，与会各家媒体进行了自由采访。','2018-06-15',1);
/*!40000 ALTER TABLE `t_news` ENABLE KEYS */;
UNLOCK TABLES;

--
-- Table structure for table `t_notice`
--

DROP TABLE IF EXISTS `t_notice`;
/*!40101 SET @saved_cs_client     = @@character_set_client */;
/*!40101 SET character_set_client = utf8 */;
CREATE TABLE `t_notice` (
  `noticeID` int(4) NOT NULL AUTO_INCREMENT,
  `noticetitle` char(50) NOT NULL,
  `content` text NOT NULL,
  `noticetime` date NOT NULL,
  PRIMARY KEY (`noticeID`)
) ENGINE=InnoDB AUTO_INCREMENT=4 DEFAULT CHARSET=utf8;
/*!40101 SET character_set_client = @saved_cs_client */;

--
-- Dumping data for table `t_notice`
--

LOCK TABLES `t_notice` WRITE;
/*!40000 ALTER TABLE `t_notice` DISABLE KEYS */;
INSERT INTO `t_notice` VALUES (1,'关于2018年端午节放假的通知','校属各单位：<br />&nbsp&nbsp&nbsp&nbsp&nbsp&nbsp;<br />&nbsp&nbsp&nbsp&nbsp&nbsp&nbsp;根据国务院的通知，现将2018年端午节放假安排的有关事项通知如下：<br />&nbsp&nbsp&nbsp&nbsp&nbsp&nbsp;<br />&nbsp&nbsp&nbsp&nbsp&nbsp&nbsp;&nbsp;&nbsp;&nbsp;&nbsp;6月16日（星期六）、6月17日（星期日）、6月18日（星期一）放假连休。有关教学工作、学生工作请见相关职能部门的通知（附后）。<br />&nbsp&nbsp&nbsp&nbsp&nbsp&nbsp;<br />&nbsp&nbsp&nbsp&nbsp&nbsp&nbsp;&nbsp;&nbsp;&nbsp;&nbsp;请各单位将端午节值班安排表电子版于6月15日上午11点前报党政办公室综合室（电话85258096，邮箱287488243@qq.com）。节日期间值班要求请按照《长沙理工大学值班制度》执行。<br />&nbsp&nbsp&nbsp&nbsp&nbsp&nbsp;<br />&nbsp&nbsp&nbsp&nbsp&nbsp&nbsp;&nbsp;<br />&nbsp&nbsp&nbsp&nbsp&nbsp&nbsp;<br />&nbsp&nbsp&nbsp&nbsp&nbsp&nbsp;&nbsp;&nbsp;&nbsp;&nbsp;&nbsp;&nbsp;&nbsp;&nbsp;&nbsp;&nbsp;&nbsp;&nbsp;&nbsp;&nbsp;&nbsp;&nbsp;&nbsp;&nbsp;&nbsp;&nbsp;&nbsp;&nbsp;&nbsp;&nbsp;&nbsp;&nbsp;&nbsp;&nbsp;&nbsp;&nbsp;&nbsp;&nbsp;&nbsp;&nbsp;&nbsp;&nbsp;&nbsp;&nbsp;&nbsp;&nbsp;&nbsp;党政办公室','2018-06-13'),(2,'关于网络出口设备调整的通知','校属各单位、各校园网用户：<br />&nbsp&nbsp&nbsp&nbsp&nbsp&nbsp;<br />&nbsp&nbsp&nbsp&nbsp&nbsp&nbsp;信息化中心于6月10日凌晨0：00-8：00将对网络出口设备进行割接及调试。届时全校将不能上外网（学校主页、VPN等也不能在校外访问），请大家相互转告，不便之处敬请谅解。<br />&nbsp&nbsp&nbsp&nbsp&nbsp&nbsp;<br />&nbsp&nbsp&nbsp&nbsp&nbsp&nbsp;特此通知。<br />&nbsp&nbsp&nbsp&nbsp&nbsp&nbsp;<br />&nbsp&nbsp&nbsp&nbsp&nbsp&nbsp;&nbsp;<br />&nbsp&nbsp&nbsp&nbsp&nbsp&nbsp;<br />&nbsp&nbsp&nbsp&nbsp&nbsp&nbsp;&nbsp;&nbsp;&nbsp;&nbsp;&nbsp;&nbsp;&nbsp;&nbsp;&nbsp;&nbsp;&nbsp;&nbsp;&nbsp;&nbsp;&nbsp;&nbsp;&nbsp;&nbsp;&nbsp;&nbsp;&nbsp;&nbsp;&nbsp;&nbsp;&nbsp;&nbsp;&nbsp;&nbsp;&nbsp;&nbsp;&nbsp;&nbsp;&nbsp;&nbsp;&nbsp;&nbsp;&nbsp;&nbsp;&nbsp;&nbsp;&nbsp;信息化中心','2018-06-15'),(3,'','','2018-06-15');
/*!40000 ALTER TABLE `t_notice` ENABLE KEYS */;
UNLOCK TABLES;

--
-- Table structure for table `t_user`
--

DROP TABLE IF EXISTS `t_user`;
/*!40101 SET @saved_cs_client     = @@character_set_client */;
/*!40101 SET character_set_client = utf8 */;
CREATE TABLE `t_user` (
  `userID` int(4) NOT NULL AUTO_INCREMENT,
  `Username` varchar(12) NOT NULL,
  `Password` varchar(16) NOT NULL,
  `regtime` datetime NOT NULL,
  `Role` char(1) NOT NULL,
  `Sex` char(2) DEFAULT NULL,
  `PhoneNum` char(11) DEFAULT NULL,
  PRIMARY KEY (`userID`)
) ENGINE=InnoDB AUTO_INCREMENT=4 DEFAULT CHARSET=utf8;
/*!40101 SET character_set_client = @saved_cs_client */;

--
-- Dumping data for table `t_user`
--

LOCK TABLES `t_user` WRITE;
/*!40000 ALTER TABLE `t_user` DISABLE KEYS */;
INSERT INTO `t_user` VALUES (1,'sofia','123123','2018-06-09 23:19:24','0','女','18670379836'),(2,'张三233','123123','2018-06-15 17:16:31','1','男','12345678909'),(3,'zhang','123123','2018-06-15 17:25:36','1','女','12345678909');
/*!40000 ALTER TABLE `t_user` ENABLE KEYS */;
UNLOCK TABLES;
/*!40103 SET TIME_ZONE=@OLD_TIME_ZONE */;

/*!40101 SET SQL_MODE=@OLD_SQL_MODE */;
/*!40014 SET FOREIGN_KEY_CHECKS=@OLD_FOREIGN_KEY_CHECKS */;
/*!40014 SET UNIQUE_CHECKS=@OLD_UNIQUE_CHECKS */;
/*!40101 SET CHARACTER_SET_CLIENT=@OLD_CHARACTER_SET_CLIENT */;
/*!40101 SET CHARACTER_SET_RESULTS=@OLD_CHARACTER_SET_RESULTS */;
/*!40101 SET COLLATION_CONNECTION=@OLD_COLLATION_CONNECTION */;
/*!40111 SET SQL_NOTES=@OLD_SQL_NOTES */;

-- Dump completed on 2018-06-16  9:42:57
